{"cameraMode":{"drawMode":0,"name":"Shaded","section":"Shading Mode"},"sceneLighting":false,"audioPlay":false,"sceneViewState":{"showFog":true,"showMaterialUpdate":false,"showSkybox":false,"showFlares":true,"showImageEffects":true,"showParticleSystems":true},"in2DMode":false,"pivot":{"x":-6.36578369140625,"y":1.3812785148620606,"z":8.941709518432618},"rotation":{"x":-0.13443323969841004,"y":0.08224425464868546,"z":-0.01119450107216835,"w":-0.9874486923217773},"size":6.386346817016602,"orthographic":false}