{"cameraMode":{"drawMode":0,"name":"Shaded","section":"Shading Mode"},"sceneLighting":true,"audioPlay":false,"sceneViewState":{"showFog":true,"showMaterialUpdate":false,"showSkybox":true,"showFlares":true,"showImageEffects":true,"showParticleSystems":true},"in2DMode":false,"pivot":{"x":15.318109512329102,"y":-5.997089862823486,"z":-33.7681770324707},"rotation":{"x":-0.0005157582927495241,"y":0.9815624952316284,"z":-0.1911259889602661,"w":-0.0026491472963243725},"size":69.36122131347656,"orthographic":false}