{"cameraMode":{"drawMode":0,"name":"Shaded","section":"Shading Mode"},"sceneLighting":false,"audioPlay":false,"sceneViewState":{"showFog":true,"showMaterialUpdate":false,"showSkybox":false,"showFlares":true,"showImageEffects":true,"showParticleSystems":true},"in2DMode":false,"pivot":{"x":0.0,"y":-0.028832674026489259,"z":0.01570308208465576},"rotation":{"x":0.10955189168453217,"y":-0.02652711607515812,"z":0.002919957274571061,"w":0.9936335682868958},"size":0.7523056864738464,"orthographic":false}