{"cameraMode":{"drawMode":0,"name":"Shaded","section":"Shading Mode"},"sceneLighting":true,"audioPlay":false,"sceneViewState":{"showFog":true,"showMaterialUpdate":false,"showSkybox":true,"showFlares":true,"showImageEffects":true,"showParticleSystems":true},"in2DMode":false,"pivot":{"x":1.219873309135437,"y":26.34642219543457,"z":-26.362213134765626},"rotation":{"x":0.18080288171768189,"y":0.013884808868169785,"z":-0.002531573176383972,"w":0.9834744930267334},"size":10.71662425994873,"orthographic":false}