{"cameraMode":{"drawMode":0,"name":"Shaded","section":"Shading Mode"},"sceneLighting":false,"audioPlay":false,"sceneViewState":{"showFog":true,"showMaterialUpdate":false,"showSkybox":false,"showFlares":true,"showImageEffects":true,"showParticleSystems":true},"in2DMode":false,"pivot":{"x":0.14593620598316194,"y":0.006374099757522345,"z":-0.3902656137943268},"rotation":{"x":0.06425759196281433,"y":-0.6096726059913635,"z":0.049677927047014239,"w":0.7884954810142517},"size":1.8023419380187989,"orthographic":false}